,FlowID,FlowDuration/s,SrcPort,DstPort,TxPackets,RxPackets,LostPackets,TxBytes,RxBytes,TxPacketRate/s,RxPacketRate/s,TxByteRate/s,RxByteRate/s,MeanDelay/s,MeanJitter/s,Throughput/Kbps,MeanPacketSize,PacketDropRate,AverageHopCount
count,122171.0,122171.0,122171.0,122171.0,122171.0,122171.0,122171.0,122171.0,122171.0,122171.0,122171.0,122171.0,122171.0,122171.0,122171.0,122171.0,122171.0,122171.0,122171.0
mean,61086.0,696.7144753213943,169.13734847058632,169.13734847058632,486.9303680906271,426.0707369179265,60.43615915397271,35872.44562948654,31938.199310802072,2.466914691056961,1.3830539487654516,182.09159843453438,103.42263638080803,0.20785815636767316,0.1400799248494487,0.8273811725909831,68.12288513640716,0.36932847945908603,0.2646164218447995
std,35267.87420585482,780.052068419426,278.64898157726714,278.64898157726714,1933.0948005899206,1367.6931062658023,1149.3309037604874,124664.42194419996,102554.55954213336,130.04475331848911,58.98741578669669,9857.744666878087,4481.6384749530125,0.4540553858496019,0.3069211025792871,35.85311044026277,13.83842736410669,0.3095353894339732,0.6530925459364924
min,1.0,7.62e-05,9.0,9.0,1.0,0.0,0.0,30.0,0.0,0.00119706,0.0,0.0446726,0.0,0.0,0.0,0.0,30.0,0.0,0.0
25%,30543.5,124.72200000000001,9.0,9.0,14.0,5.0,4.0,982.0,380.0,0.0457252,0.0172619,3.01587,1.087125,0.0192638,0.00747523,0.00869702,76.0,0.0909091,0.0
50%,61086.0,227.867,9.0,9.0,51.0,23.0,12.0,2964.0,1376.0,0.205224,0.06802,13.8156,3.95747,0.0583481,0.0439615,0.0316598,76.0,0.285714,0.0288154
75%,91628.5,1415.655,9.0,9.0,280.0,196.0,50.0,18772.0,14136.0,1.43027,1.25563,108.692,95.35929999999999,0.196488,0.1386695,0.7628745,76.0,0.642857,0.1875
max,122171.0,10591.8,654.0,654.0,220886.0,63653.0,212557.0,11265075.0,3246018.0,33116.6,13115.8,2516860.0,996800.0,10.1685,6.7176,7974.4,76.0,1.33333,58.0
